,pct_of_3y_windows_beating_index
LIC MF Large Cap Fund,33.7
DSP Large Cap Fund,43.9
Franklin India Large Cap Fund,47.7
JM Large Cap Fund,48.8
UTI Large Cap Fund,52.2
HSBC Large Cap Fund,54.9
Tata Large Cap Fund,61.4
Groww Large Cap Fund,61.8
BANDHAN LARGE CAP FUND,62.4
Aditya Birla Sun Life Large Cap Fund,63.5
Axis Large Cap Fund,66.0
HDFC Large Cap Fund,67.6
SBI Large Cap Fund,71.8
Nippon India Large Cap Fund,72.5
Invesco India Large Cap Fund,72.6
Mirae Asset Large Cap Fund,75.4
ICICI Prudential Large Cap Fund (erstwhile Bluechip Fund),78.1
Kotak Large Cap Fund,79.3
Edelweiss Large Cap Fund,85.6
Canara Robeco Large Cap Fund,91.9
