fund,index_fund,cagr_pct,volatility_pct,sharpe,max_drawdown_pct
Nippon India Large Cap Fund,False,14.63,16.54,0.49,-40.0
Mirae Asset Large Cap Fund,False,14.5,15.71,0.51,-37.4
Invesco India Large Cap Fund,False,14.46,15.54,0.51,-36.9
ICICI Prudential Large Cap Fund,False,14.02,15.18,0.5,-37.3
SBI Large Cap Fund,False,13.86,15.23,0.48,-37.1
Edelweiss Large Cap Fund,False,13.53,15.05,0.47,-35.1
Canara Robeco Large Cap Fund,False,13.49,15.2,0.46,-32.6
Kotak Large Cap Fund,False,13.3,15.63,0.44,-36.9
Aditya Birla Sun Life Large Cap Fund,False,13.12,15.33,0.43,-37.7
Axis Large Cap Fund,False,13.07,14.63,0.45,-30.1
Tata Large Cap Fund,False,12.6,15.76,0.39,-37.6
Bandhan Large Cap Fund,False,12.53,15.56,0.39,-35.1
HDFC Large Cap Fund,False,12.52,16.93,0.36,-40.8
HSBC Large Cap Fund,False,12.1,16.32,0.34,-36.0
UTI Large Cap Fund,False,12.08,14.96,0.37,-34.7
JM Large Cap Fund,False,11.94,13.49,0.4,-19.8
Groww Large Cap Fund,False,11.76,16.07,0.33,-36.6
Franklin India Large Cap Fund,False,11.53,15.47,0.33,-36.3
LIC MF Large Cap Fund,False,11.4,15.23,0.32,-33.1
UTI Nifty 50 Index Fund,True,11.16,16.0,0.29,-38.4
DSP Large Cap Fund,False,11.12,16.47,0.28,-40.3
